entrez,symbol
90701,SEC11C
7389,UROD
8908,GYG2
51382,ATP6V1D
1339,COX6A2
3155,HMGCL
83594,NUDT12
115019,SLC26A9
366,AQP9
4891,SLC11A2
2243,FGA
361,AQP4
90423,ATP6V1E2
162466,PHOSPHO1
9153,SLC28A2
4249,MGAT5
51478,HSD17B7
4846,NOS3
79178,THTPA
435,ASL
5162,PDHB
22934,RPIA
7352,UCP3
48,ACO1
438,ASMT
160287,LDHAL6A
6697,SPR
93100,NAPRT
26063,DECR2
5161,PDHA2
6505,SLC1A1
55790,CSGALNACT1
64240,ABCG5
51805,COQ3
5230,PGK1
2548,GAA
142680,SLC34A3
1757,SARDH
64078,SLC28A3
278,AMY1C
2819,GPD1
6561,SLC13A1
2571,GAD1
1340,COX6B1
1327,COX4I1
2651,GCNT2
222537,HS3ST5
8029,CUBN
55967,NDUFA12
481,ATP1B1
253430,IPMK
3292,HSD17B1
622,BDH1
9536,PTGES
1586,CYP17A1
2877,GPX2
6609,SMPD1
2986,GUCY2F
10555,AGPAT2
6582,SLC22A2
2181,ACSL3
64902,AGXT2
6541,SLC7A1
10905,MAN1A2
54898,ELOVL2
23600,AMACR
2542,SLC37A4
221,ALDH3B1
10870,HCST
4121,MAN1A1
8760,CDS2
8310,ACOX3
4126,MANBA
29906,ST8SIA5
2168,FABP1
6563,SLC14A1
343,AQP8
91703,ACY3
4731,NDUFV3
1103,CHAT
50506,DUOX2
84129,ACAD11
8875,VNN2
196883,ADCY4
6185,RPN2
248,ALPI
6723,SRM
1576,CYP3A4
10690,FUT9
762,CA4
111,ADCY5
55811,ADCY10
1312,COMT
3417,IDH1
5832,ALDH18A1
8654,PDE5A
5407,PNLIPRP1
5723,PSPH
64132,XYLT2
8309,ACOX2
6484,ST3GAL4
51733,UPB1
4714,NDUFB8
4697,COXFA4
338,APOB
55191,NADSYN1
4707,NDUFB1
30815,ST6GALNAC6
7084,TK2
60481,ELOVL5
6575,SLC20A2
1036,CDO1
150763,GPAT2
8372,HYAL3
140838,NANP
55902,ACSS2
7299,TYR
1244,ABCC2
2348,FOLR1
257068,PLCXD2
114112,TXNRD3
2582,GALE
4708,NDUFB2
85320,ABCC11
2098,ESD
594,BCKDHB
1608,DGKG
64579,NDST4
349565,NMNAT3
6489,ST8SIA1
23539,SLC16A8
5146,PDE6C
8501,SLC43A1
80168,MOGAT2
29988,SLC2A8
3631,INPP4A
316,AOX1
64241,ABCG8
23498,HAAO
482,ATP1B2
126,ADH1C
1588,CYP19A1
113235,SLC46A1
3242,HPD
5332,PLCB4
2720,GLB1
362,AQP5
6241,RRM2
10057,ABCC5
30061,SLC40A1
5048,PAFAH1B1
79017,GGCT
64220,STRA6
6342,SCP2
593,BCKDHA
1632,ECI1
1589,CYP21A2
39,ACAT2
2679,GGT3P
160728,SLC5A8
3036,HAS1
6307,MSMO1
2878,GPX3
492,ATP2B3
3162,HMOX1
55825,PECR
9497,SLC4A7
92483,LDHAL6B
6319,SCD
6523,SLC5A1
8034,SLC25A16
79623,GALNT14
6518,SLC2A5
374907,B3GNT8
84803,GPAT3
80347,COASY
134526,ACOT12
2632,GBE1
875,CBS
226,ALDOA
6999,TDO2
3029,HAGH
10166,SLC25A15
6783,SULT1E1
1811,SLC26A3
2762,GMDS
6581,SLC22A3
314,AOC2
8395,PIP5K1B
9962,SLC23A2
6821,SUOX
386757,SLC6A10P
6556,SLC11A1
5009,OTC
3291,HSD11B2
56954,NIT2
3034,HAL
8803,SUCLA2
4905,NSF
84679,SLC9A7
8394,PIP5K1A
8869,ST3GAL5
290,ANPEP
23533,PIK3R5
374291,NDUFS7
8611,PLPP1
2583,B4GALNT1
10396,ATP8A1
27159,CHIA
2987,GUK1
11181,TREH
89874,SLC25A21
3633,INPP5B
2584,GALK1
2729,GCLC
2519,FUCA2
384,ARG2
427,ASAH1
23443,SLC35A3
978,CDA
5973,RENBP
3033,HADH
2131,EXT1
51527,GSKIP
116369,SLC26A8
1158,CKM
112611,RWDD2A
9194,SLC16A7
81031,SLC2A10
10229,COQ7
51109,RDH11
6303,SAT1
5298,PI4KB
8836,GGH
3145,HMBS
5053,PAH
1584,CYP11B1
79966,SCD5
4725,NDUFS5
4942,OAT
55217,TMLHE
123041,SLC24A4
5210,PFKFB4
128869,PIGU
140679,SLC32A1
2495,FTH1
154091,SLC2A12
491,ATP2B2
9348,NDST3
56922,MCCC1
1491,CTH
759,CA1
57379,AICDA
3156,HMGCR
5049,PAFAH1B2
11285,B4GALT7
57084,SLC17A6
1585,CYP11B2
6526,SLC5A3
6184,RPN1
6520,SLC3A2
55301,OLAH
8050,PDHX
1743,DLST
57282,SLC4A10
3767,KCNJ11
5837,PYGM
8277,TKTL1
245972,ATP6V0D2
125061,AFMID
66002,CYP4F12
51166,AADAT
5139,PDE3A
6610,SMPD2
478,ATP1A3
5730,PTGDS
6515,SLC2A3
90161,HS6ST2
64850,ETNPPL
64080,RBKS
23428,SLC7A8
9653,HS2ST1
6572,SLC18A3
159963,SLC5A12
10246,SLC17A2
275,AMT
6472,SHMT2
8443,GNPAT
212,ALAS2
11046,SLC35D2
178,AGL
1109,AKR1C4
51380,CSAD
441024,MTHFD2L
10606,PAICS
8170,SLC14A2
51181,DCXR
9374,PPT2
1373,CPS1
28976,ACAD9
6530,SLC6A2
1040,CDS1
2592,GALT
6522,SLC4A2
5297,PI4KA
51301,GCNT4
10975,UQCR11
60482,SLC5A7
6240,RRM1
144193,AMDHD1
35,ACADS
26873,OPLAH
2539,G6PD
246,ALOX15
79077,DCTPP1
51477,ISYNA1
4056,LTC4S
5160,PDHA1
2588,GALNS
92745,SLC38A5
7083,TK1
4524,MTHFR
80235,PIGZ
3073,HEXA
1350,COX7C
54872,PIGG
51522,TMEM14C
2590,GALNT2
54576,UGT1A8
256435,ST6GALNAC3
493,ATP2B4
767,CA8
84889,SLC7A3
6799,SULT1A2
175,AGA
23439,ATP1B4
27087,B3GAT1
2585,GALK2
5153,PDE1B
10312,TCIRG1
51251,NT5C3A
1583,CYP11A1
137872,ADHFE1
10599,SLCO1B1
1118,CHIT1
8802,SUCLG1
8566,PDXK
10050,SLC17A4
5351,PLOD1
8898,MTMR2
115,ADCY9
3000,GUCY2D
56548,CHST7
9514,GAL3ST1
127,ADH4
2147,F2
5096,PCCB
51227,PIGP
6546,SLC8A1
5471,PPAT
80150,ASRGL1
2184,FAH
200010,SLC5A9
8789,FBP2
5321,PLA2G4A
501,ALDH7A1
8435,SOAT2
1723,DHODH
6389,SDHA
5034,P4HB
80142,PTGES2
348,APOE
28972,SPCS1
246213,SLC17A8
3614,IMPDH1
3177,SLC29A2
2517,FUCA1
56994,CHPT1
2618,GART
158,ADSL
28232,SLCO3A1
10020,GNE
8228,PNPLA4
2110,ETFDH
377677,CA13
2132,EXT2
1607,DGKB
4199,ME1
65220,NADK
5333,PLCD1
51302,CYP39A1
81579,PLA2G12A
284129,SLC26A11
788,SLC25A20
3421,IDH3G
79901,CYBRD1
79586,CHPF
5152,PDE9A
64772,ENGASE
80055,PGAP1
6649,SOD3
54578,UGT1A6
60490,PPCDC
10423,CDIPT
57818,G6PC2
2974,GUCY1B2
6512,SLC1A7
9187,SLC24A1
6570,SLC18A1
29926,GMPPA
94033,FTMT
10935,PRDX3
5409,PNMT
57733,GBA3
2990,GUSB
120103,SLC36A4
94005,PIGS
1374,CPT1A
6517,SLC2A4
10654,PMVK
3141,HLCS
50814,NSDHL
112,ADCY6
23556,PIGN
5264,PHYH
6539,SLC6A12
15,AANAT
55361,PI4K2A
635,BHMT
4728,NDUFS8
765,CA6
6550,SLC9A3
7350,UCP1
1384,CRAT
5625,PRODH
211,ALAS1
8854,ALDH1A2
58510,PRODH2
7296,TXNRD1
128,ADH5
26290,GALNT8
2752,GLUL
84735,CNDP1
6480,ST6GAL1
26330,GAPDHS
5232,PGK2
280,AMY2B
3420,IDH3B
245973,ATP6V1C2
2820,GPD2
28982,FLVCR1
191,AHCY
54682,MANSC1
108,ADCY2
2395,FXN
8528,DDO
6554,SLC10A1
81490,PTDSS2
85365,ALG2
55326,AGPAT5
495,ATP4A
51179,HAO2
55748,CNDP2
5209,PFKFB3
6555,SLC10A2
6531,SLC6A3
55907,CMAS
91373,UAP1L1
29796,UQCR10
1468,SLC25A10
1200,TPP1
257202,GPX6
79087,ALG12
240,ALOX5
1788,DNMT3A
6513,SLC2A1
344,APOC2
1160,CKMT2
5238,PGM3
54539,NDUFB11
23464,GCAT
7360,UGP2
5337,PLD1
4758,NEU1
1503,CTPS1
2876,GPX1
1962,EHHADH
98,ACYP2
2235,FECH
83852,SETDB2
6392,SDHD
231,AKR1B1
5130,PCYT1A
2643,GCH1
166012,CHST13
4051,CYP4F3
6483,ST3GAL2
6487,ST3GAL3
4722,NDUFS3
118881,COMTD1
54659,UGT1A3
763,CA5A
57134,MAN1C1
9481,SLC25A27
51604,PIGT
126792,B3GALT6
25769,SLC24A2
10327,AKR1A1
144195,SLC2A14
6833,ABCC8
8974,P4HA2
6514,SLC2A2
9060,PAPSS2
6528,SLC5A5
115584,SLC5A11
23761,PISD
33,ACADL
4696,NDUFA3
7167,TPI1
51523,CXXC5
9651,PLCH2
4258,MGST2
341947,COX8C
4704,NDUFA9
6675,UAP1
132158,GLYCTK
5224,PGAM2
10588,MTHFS
218,ALDH3A1
47,ACLY
1572,CYP2F1
51005,AMDHD2
1786,DNMT1
1544,CYP1A2
84532,ACSS1
25902,MTHFD1L
4702,NDUFA8
8879,SGPL1
476,ATP1A1
3028,HSD17B10
56474,CTPS2
114971,PTPMT1
56898,BDH2
3158,HMGCS2
4831,NME2
1553,CYP2A13
10873,ME3
2875,GPT
43,ACHE
6716,SRD5A2
51524,TMEM138
4724,NDUFS4
80146,UXS1
23169,SLC35D1
2030,SLC29A1
7915,ALDH5A1
1798,DPAGT1
9869,SETDB1
6540,SLC6A13
8622,PDE8B
1737,DLAT
10998,SLC27A5
3636,INPPL1
54600,UGT1A9
10195,ALG3
197257,LDHD
28,ABO
53,ACP2
205,AK4
37,ACADVL
64781,CERK
84340,GFM2
6646,SOAT1
6524,SLC5A2
27010,TPK1
112724,RDH13
956,ENTPD3
56895,AGPAT4
80270,HSD3B7
145226,RDH12
5335,PLCG1
2766,GMPR
525,ATP6V1B1
160428,ALDH1L2
54407,SLC38A2
1738,DLD
6448,SGSH
3615,IMPDH2
58508,KMT2C
54657,UGT1A4
548596,CKMT1A
84890,ADO
56606,SLC2A9
9245,GCNT3
2639,GCDH
272,AMPD3
50808,AK3
155184,SLC2A7
28965,SLC27A6
12,SERPINA3
53919,SLCO1C1
8801,SUCLG2
23545,ATP6V0A2
6470,SHMT1
23475,QPRT
9114,ATP6V0D1
51102,MECR
1717,DHCR7
54675,CRLS1
50617,ATP6V0A4
4247,MGAT2
51146,A4GNT
389015,SLC9A4
7941,PLA2G7
4967,OGDH
262,AMD1
6583,SLC22A4
5295,PIK3R1
3157,HMGCS1
526,ATP6V1B2
410,ARSA
1562,CYP2C18
22929,SEPHS1
93034,NT5C1B
79717,PPCS
64077,LHPP
2954,GSTZ1
6533,SLC6A6
200576,PIKFYVE
23563,CHST5
8608,RDH16
2805,GOT1
5147,PDE6D
8564,KMO
1806,DPYD
123745,PLA2G4E
1571,CYP2E1
5265,SERPINA1
5352,PLOD2
79611,ACSS3
9056,SLC7A7
6559,SLC12A3
22856,CHSY1
23530,NNT
9963,SLC23A1
10682,EBP
11238,CA5B
51809,GALNT7
4522,MTHFD1
9453,GGPS1
682,BSG
8972,MGAM
2595,GANC
9990,SLC12A6
9016,SLC25A14
7923,HSD17B8
10841,FTCD
8288,EPX
5149,PDE6H
124975,GGT6
80271,ITPKC
1716,DGUOK
6508,SLC4A3
55343,SLC35C1
5372,PMM1
10090,UST
50484,RRM2B
1718,DHCR24
9488,PIGB
387775,SLC22A10
9197,SLC33A1
8871,SYNJ2
247,ALOX15B
1329,COX5B
4759,NEU2
132789,GNPDA2
6818,SULT1A3
5338,PLD2
8398,PLA2G6
10864,SLC22A7
121260,SLC15A4
5213,PFKM
9394,HS6ST1
5169,ENPP3
57127,RHBG
195814,SDR16C5
7357,UGCG
954,ENTPD2
51056,LAP3
26275,HIBCH
11283,CYP4F8
3037,HAS2
4694,NDUFA1
6647,SOD1
54658,UGT1A1
4329,ALDH6A1
377841,ENTPD8
6566,SLC16A1
5198,PFAS
7367,UGT2B17
2997,GYS1
10993,SDS
121278,TPH2
10257,ABCC4
5287,PIK3C2B
10060,ABCC9
56953,NT5M
84076,TKTL2
283871,PGP
10559,SLC35A1
57026,PDXP
5283,PIGH
3931,LCAT
9951,HS3ST4
7306,TYRP1
52,ACP1
5836,PYGL
115111,SLC26A7
5406,PNLIP
3992,FADS1
3290,HSD11B1
81539,SLC38A1
117247,SLC16A10
8704,B4GALT2
10965,ACOT2
92086,GGTLC1
2687,GGT5
8821,INPP4B
2523,FUT1
9390,SLC22A13
9615,GDA
3988,LIPA
3295,HSD17B4
10786,SLC17A3
6557,SLC12A1
1621,DBH
8513,LIPF
13,AADAC
5091,PC
113675,SDSL
129642,MBOAT2
1854,DUT
8884,SLC5A6
130752,MDH1B
3038,HAS3
51022,GLRX2
51447,IP6K2
2686,GGT7
1787,TRDMT1
768,CA9
84920,ALG10
10317,B3GALT5
1595,CYP51A1
8527,DGKD
113189,CHST14
56623,INPP5E
84693,MCEE
5294,PIK3CG
4842,NOS1
29929,ALG6
5305,PIP4K2A
2572,GAD2
8396,PIP4K2B
1056,CEL
8639,AOC3
6574,SLC20A1
219,ALDH1B1
130013,ACMSD
3706,ITPKA
2746,GLUD1
6532,SLC6A4
7166,TPH1
6568,SLC17A1
11112,HIBADH
57171,DOLPP1
230,ALDOC
2597,GAPDH
5340,PLG
2194,FASN
5834,PYGB
4882,NPR2
124583,CANT1
293,SLC25A6
113278,SLC52A3
8509,NDST2
4705,NDUFA10
9945,GFPT2
2356,FPGS
6718,AKR1D1
2352,FOLR3
358,AQP1
6536,SLC6A9
84649,DGAT2
9807,IP6K1
9058,SLC13A2
84912,SLC35B4
93010,B3GNT7
1152,CKB
11041,B4GAT1
11185,INMT
527,ATP6V0C
2180,ACSL1
80201,HKDC1
6120,RPE
10768,AHCYL1
23305,ACSL6
4190,MDH1
4716,NDUFB10
5948,RBP2
5167,ENPP1
5223,PGAM1
1577,CYP3A5
9550,ATP6V1G1
22928,SEPHS2
5833,PCYT2
7372,UMPS
6547,SLC8A3
641649,TMEM91
5959,RDH5
11164,NUDT5
81616,ACSBG2
3163,HMOX2
6584,SLC22A5
5334,PLCL1
5105,PCK1
10026,PIGK
2134,EXTL1
4832,NME3
6888,TALDO1
529,ATP6V1E1
64841,GNPNAT1
8867,SYNJ1
55349,CHDH
5052,PRDX1
2271,FH
1178,CLC
2710,GK
5322,PLA2G5
5950,RBP4
117248,GALNT15
7371,UCK2
203,AK1
10478,SLC25A17
4143,MAT1A
6553,SLC9A5
10007,GNPDA1
64087,MCCC2
645,BLVRB
644,BLVRA
57571,CARNS1
125206,SLC5A10
23236,PLCB1
83884,SLC25A2
5331,PLCB3
7108,TM7SF2
4669,NAGLU
7390,UROS
151531,UPP2
443,ASPA
28234,SLCO1B3
10720,UGT2B11
8992,ATP6V0E1
292,SLC25A5
4284,MIP
10678,B3GNT2
3948,LDHC
54716,SLC6A20
586,BCAT1
3939,LDHA
55065,SLC52A1
114805,GALNT13
771,CA12
64816,CYP3A43
6916,TBXAS1
55808,ST6GALNAC1
23478,SEC11A
1551,CYP3A7
8659,ALDH4A1
2747,GLUD2
6511,SLC1A6
5106,PCK2
28231,SLCO4A1
3418,IDH2
7841,MOGS
4698,NDUFA5
53630,BCO1
7385,UQCRC2
1548,CYP2A6
5281,PIGF
6578,SLCO2A1
221823,PRPS1L1
3764,KCNJ8
9517,SPTLC2
5408,PNLIPRP2
1346,COX7A1
54344,DPM3
4597,MVD
56913,C1GALT1
2745,GLRX
4353,MPO
216,ALDH1A1
4710,NDUFB4
84264,HAGHL
10948,STARD3
50940,PDE11A
64600,PLA2G2F
137964,GPAT4
38,ACAT1
229,ALDOB
126129,CPT1C
10610,ST6GALNAC2
10135,NAMPT
7384,UQCRC1
64131,XYLT1
114134,SLC2A13
1892,ECHS1
54020,SLC37A1
84002,B3GNT5
3067,HDC
9487,PIGL
9152,SLC6A5
383,ARG1
7991,TUSC3
7086,TKT
5143,PDE4C
8612,PLPP2
9489,PGS1
3283,HSD3B1
3074,HEXB
130367,SGPP2
11226,GALNT6
9942,XYLB
1644,DDC
8534,CHST1
6476,SI
2882,GPX7
81849,ST6GALNAC5
2977,GUCY1A2
55089,SLC38A4
2998,GYS2
23007,PLCH1
79071,ELOVL6
5138,PDE2A
124637,CYB5D1
8574,AKR7A2
9123,SLC16A3
4729,NDUFV2
270,AMPD1
55268,ECHDC2
8714,ABCC3
27232,GNMT
5476,CTSA
50614,GALNT9
8526,DGKE
51,ACOX1
10201,NME6
3425,IDUA
1836,SLC26A2
1349,COX7B
6579,SLCO1A2
7173,TPO
5296,PIK3R2
5498,PPOX
8693,GALNT4
2744,GLS
9420,CYP7B1
5291,PIK3CB
6822,SULT2A1
4036,LRP2
26503,SLC17A5
55315,SLC29A3
80854,SETD7
8733,GPAA1
9791,PTDSS1
4363,ABCC1
53947,A4GALT
34,ACADM
27068,PPA2
10797,MTHFD2
29925,GMPPB
213,ALB
4200,ME2
11343,MGLL
1645,AKR1C1
8813,DPM1
123099,DEGS2
337876,CHSY3
100526794,NT5C1B-RDH14
4035,LRP1
6558,SLC12A2
115286,SLC25A26
210,ALAD
79751,SLC25A22
9953,HS3ST3B1
5831,PYCR1
79723,SUV39H2
8424,BBOX1
534,ATP6V1G2
2589,GALNT1
2137,EXTL3
2350,FOLR2
8647,ABCB11
6576,SLC25A1
276,AMY1A
166785,MMAA
91227,GGTLC2
4717,NDUFC1
57419,SLC24A3
271,AMPD2
339221,ENPP7
1565,CYP2D6
11000,SLC27A3
125965,COX6B2
83733,SLC25A18
91734,IDI2
6519,SLC3A1
353,APRT
26,AOC1
6573,SLC19A1
8818,DPM2
1579,CYP4A11
5279,PIGC
29920,PYCR2
873,CBR1
291,SLC25A4
10402,ST3GAL6
528,ATP6V1C1
5211,PFKL
9469,CHST3
2222,FDFT1
8790,FPGT
340024,SLC6A19
949,SCARB1
5290,PIK3CA
80025,PANK2
54965,PIGX
445,ASS1
1841,DTYMK
189,AGXT
26061,HACL1
2224,FDPS
4726,NDUFS6
136332,LRGUK
10991,SLC38A3
54677,CROT
480,ATP1A4
5538,PPT1
5140,PDE3B
153201,SLC36A2
11001,SLC27A2
56301,SLC7A10
318,NUDT2
8503,PIK3R3
7363,UGT2B4
64711,HS3ST6
2109,ETFB
5207,PFKFB1
57678,GPAM
1807,DPYS
2799,GNS
2135,EXTL2
6535,SLC6A8
84701,COX4I2
9415,FADS2
259230,SGMS1
761,CA3
7366,UGT2B15
5251,PHEX
6571,SLC18A2
54963,UCKL1
4166,CHST6
9057,SLC7A6
25796,PGLS
5208,PFKFB2
2944,GSTM1
3099,HK2
132,ADK
11254,SLC6A14
3294,HSD17B2
1606,DGKA
5336,PLCG2
92579,G6PC3
5320,PLA2G2A
4125,MAN2B1
30833,NT5C
59272,ACE2
1371,CPOX
2712,GK2
51292,GMPR2
2821,GPI
4860,PNP
7263,TST
686,BTD
8703,B4GALT3
51205,ACP6
32,ACACB
2978,GUCA1A
6529,SLC6A1
7054,TH
3628,INPP1
2936,GSR
55577,NAGK
4357,MPST
5136,PDE1A
57835,SLC4A5
80724,ACAD10
80704,SLC19A3
192134,B3GNT6
55568,GALNT10
11332,ACOT7
6549,SLC9A2
790,CAD
5095,PCCA
8613,PLPP3
4129,MAOB
359,AQP2
79646,PANK3
5244,ABCB4
51540,SCLY
4668,NAGA
4507,MTAP
54490,UGT2B28
55304,SPTLC3
79813,EHMT1
1629,DBT
84812,PLCD4
19,ABCA1
54579,UGT1A5
1557,CYP2C19
2638,GC
113,ADCY7
7381,UQCRB
8776,MTMR1
116285,ACSM1
5092,PCBD1
1591,CYP24A1
9435,CHST2
60559,SPCS3
4719,NDUFS1
80308,FLAD1
5742,PTGS1
107,ADCY1
217,ALDH2
5184,PEPD
6482,ST3GAL1
9957,HS3ST1
146712,QTGAL
51529,ANAPC11
4144,MAT2A
5250,SLC25A3
7358,UGDH
11253,MAN1B1
4953,ODC1
26301,GBGT1
53905,DUOX1
3419,IDH3A
223,ALDH9A1
1345,COX6C
2879,GPX4
55276,PGM2
23382,AHCYL2
9167,COX7A2L
9588,PRDX6
2806,GOT2
1622,DBI
3620,IDO1
3176,HNMT
345,APOC3
1593,CYP27A1
2023,ENO1
11136,SLC7A9
6560,SLC12A4
55512,SMPD3
2581,GALC
3945,LDHB
26035,GLCE
5740,PTGIS
83697,SLC4A9
760,CA2
9956,HS3ST2
6548,SLC9A1
23657,SLC7A11
7388,UQCRH
51606,ATP6V1H
9091,PIGQ
10587,TXNRD2
8140,SLC7A5
131,ADH7
2739,GLO1
4830,NME1
9388,LIPG
4952,OCRL
55312,RFK
109,ADCY3
4123,MAN2C1
5743,PTGS2
3938,LCT
2593,GAMT
4695,NDUFA2
5142,PDE4B
56052,ALG1
5631,PRPS1
23205,ACSBG1
2512,FTL
51004,COQ6
957,ENTPD5
124935,SLC43A2
8604,SLC25A12
50515,CHST11
53343,NUDT9
122970,ACOT4
224,ALDH3A2
7355,SLC35A2
250,ALPP
5947,RBP1
125,ADH1B
55650,PIGV
9227,LRAT
3340,NDST1
5151,PDE8A
1356,CP
335,APOA1
50700,RDH8
10455,ECI2
95,ACY1
4259,MGST3
242,ALOX12B
10919,EHMT2
79814,AGMAT
3251,HPRT1
57030,SLC17A7
8402,SLC25A11
2182,ACSL4
51526,OSER1
3098,HK1
3795,KHK
23396,PIP5K1C
23483,TGDS
8560,DEGS1
51557,LGSN
6715,SRD5A1
10157,AASS
56848,SPHK2
215,ABCD1
6510,SLC1A5
4548,MTR
26266,SLC13A4
2525,FUT3
284111,SLC13A5
222,ALDH3B2
23057,NMNAT2
10861,SLC26A1
117283,IP6K3
129607,CMPK2
51528,JKAMP
6565,SLC15A2
1581,CYP7A1
1789,DNMT3B
1375,CPT1B
23315,SLC9A8
2645,GCK
5313,PKLR
2108,ETFA
11282,MGAT4B
10846,PDE10A
411,ARSB
1666,DECR1
2673,GFPT1
6839,SUV39H1
1800,DPEP1
26289,AK5
1351,COX8A
55229,PANK4
4706,NDUFAB1
570,BAAT
79695,GALNT12
5236,PGM1
4128,MAOA
169355,IDO2
130,ADH6
6391,SDHC
54480,CHPF2
948,CD36
953,ENTPD1
57468,SLC12A5
284098,PIGW
89869,PLCZ1
55224,ETNK2
10380,BPNT1
114,ADCY8
5158,PDE6B
2026,ENO2
376497,SLC27A1
6005,RHAG
9154,SLC28A1
55163,PNPO
8705,B3GALT4
4711,NDUFB5
1609,DGKQ
23417,MLYCD
6509,SLC1A4
4709,NDUFB3
27089,UQCRQ
7386,UQCRFS1
26229,B3GAT3
1545,CYP1B1
53354,PANK1
10331,B3GNT3
5293,PIK3CD
2992,GYG1
64802,NMNAT1
51196,PLCE1
2984,GUCY2C
249,ALPL
2591,GALNT3
5172,SLC26A4
127124,ATP6V1G3
6390,SDHB
1603,DAD1
4723,NDUFV1
1120,CHKB
1650,DDOST
29958,DMGDH
84618,NT5C1A
8694,DGAT1
11182,SLC2A6
135152,B3GAT2
22978,NT5C2
1610,DAO
1537,CYC1
27115,PDE7B
5144,PDE4D
7364,UGT2B7
1719,DHFR
2650,GCNT1
669,BPGM
955,ENTPD6
8876,VNN1
10999,SLC27A4
55501,CHST12
9789,SPCS2
51296,SLC15A3
60496,AASDHPPT
10449,ACAA2
4715,NDUFB9
412,STS
549,AUH
124,ADH1A
490,ATP2B1
5860,QDPR
1582,CYP8B1
204,AK2
4713,NDUFB7
6309,SC5D
79837,PIP4K2C
36,ACADSB
29880,ALG5
54575,UGT1A10
5289,PIK3C3
9583,ENTPD4
170712,COX7B2
7001,PRDX2
9334,B4GALT5
6506,SLC1A2
100,ADA
3423,IDS
8525,DGKZ
5825,ABCD3
1638,DCT
1559,CYP2C9
6564,SLC15A1
1891,ECH1
27034,ACAD8
27124,INPP5J
54511,HMGCLL1
50,ACO2
8824,CES2
3030,HADHA
122481,AK7
3712,IVD
3632,INPP5A
3032,HADHB
5330,PLCB2
54363,HAO1
50487,PLA2G3
116255,MOGAT1
79369,B3GNT4
83549,UCK1
4048,LTA4H
4881,NPR1
2628,GATM
206358,SLC36A1
160851,DGKH
60386,SLC25A19
2530,FUT8
587,BCAT2
8877,SPHK1
10560,SLC19A2
4720,NDUFS2
6648,SOD2
8985,PLOD3
6817,SULT1A1
5137,PDE1C
51268,PIPOX
341,APOC1
5634,PRPS2
126328,NDUFA11
2683,B4GALT1
3284,HSD3B2
5277,PIGA
27235,COQ2
5168,ENPP2
6534,SLC6A7
7365,UGT2B10
7779,SLC30A1
3613,IMPA2
5373,PMM2
4700,NDUFA6
4351,MPI
266722,HS6ST3
55500,ETNK1
129807,NEU4
5051,PAFAH2
27306,HPGDS
374569,ASPG
54577,UGT1A7
4248,MGAT3
29968,PSAT1
952,CD38
6785,ELOVL4
4712,NDUFB6
6580,SLC22A1
131669,UROC1
2717,GLA
9377,COX5A
93183,PIGM
54981,NMRK1
9843,HEPH
4701,NDUFA7
8399,PLA2G10
51071,DERA
113451,AZIN2
84706,GPT2
51079,NDUFA13
9380,GRHPR
2531,KDSR
10165,SLC25A13
3704,ITPA
5033,P4HA1
3612,IMPA1
239,ALOX12
9955,HS3ST3A1
2653,GCSH
9061,PAPSS1
5728,PTEN
1119,CHKA
2731,GLDC
2937,GSS
10840,ALDH1L1
6542,SLC7A2
10164,CHST4
3635,INPP5D
27165,GLS2
9296,ATP6V1F
4837,NNMT
5319,PLA2G1B
1337,COX6A1
6569,SLC34A1
1558,CYP2C8
477,ATP1A2
6567,SLC16A2
4245,MGAT1
6543,SLC8A2
5315,PKM
10390,CEPT1
27349,MCAT
26227,PHGDH
57665,RDH14
225,ABCD2
9023,CH25H
8529,CYP4F2
79581,SLC52A2
4122,MAN2A2
29881,NPC1L1
4598,MVK
66035,SLC2A11
10568,SLC34A2
10554,AGPAT1
1633,DCK
30814,PLA2G2E
8942,KYNU
1376,CPT2
3707,ITPKB
4833,NME4
79896,THNSL1
8418,CMAHP
5288,PIK3C2G
5050,PAFAH1B3
5226,PGD
55627,SMPD4
65010,SLC26A6
1594,CYP27B1
3293,HSD17B3
9498,SLC4A8
347734,SLC35B2
5286,PIK3C2A
100137049,PLA2G4B
56894,AGPAT3
26279,PLA2G2D
55454,CSGALNACT2
79053,ALG8
3990,LIPC
1431,CS
55293,UEVLD
6898,TAT
7498,XDH
113026,PLCD3
84720,PIGO
10858,CYP46A1
29922,NME7
4124,MAN2A1
54187,NANS
4191,MDH2
97,ACYP1
1890,TYMP
5145,PDE6A
471,ATIC
63917,GALNT11
4023,LPL
10723,SLC12A7
5019,OXCT1
9563,H6PD
440,ASNS
55586,MIOX
4843,NOS2
23632,CA14
3081,HGD
4047,LSS
5148,PDE6G
535,ATP6V0A1
54,ACP5
496,ATP4B
18,ABAT
65985,AACS
7378,UPP1
847,CAT
64849,SLC13A3
54995,OXSM
483,ATP1B3
29124,LGALS13
8540,AGPS
3101,HK3
9468,PCYT1B
10558,SPTLC1
11309,SLCO2B1
81537,SGPP1
1347,COX7A2
3422,IDI1
6820,SULT2B1
10400,PEMT
6713,SQLE
26002,MOXD1
2203,FBP1
7298,TYMS
5214,PFKP
8833,GMPS
31,ACACA
6652,SORD
4907,NT5E
523,ATP6V1A
112483,SAT2
57194,ATP10A
9162,DGKI
51727,CMPK1
5805,PTS
11320,MGAT4A
277,AMY1B
2027,ENO3
279,AMY2A
641371,ACOT1
220,ALDH1A3
11227,GALNT5
6538,SLC6A11
6507,SLC1A3
10005,ACOT8
1159,CKMT1B
2678,GGT1
157506,RDH10
80339,PNPLA3
162417,NAGS
5141,PDE4A
84444,DOT1L
30,ACAA1
8706,B3GALNT1
6521,SLC4A1
27430,MAT2B
5150,PDE7A
64064,OXCT2
766,CA7
1543,CYP1A1
7351,UCP2
51703,ACSL5
1635,DCTD
4718,NDUFC2
533,ATP6V0B
